{
  "name": "Coil_Spring_Design_Problem",
  "comment": "standard coil_spring_design problem",
  "type": "mixed variable problems",
  "dimension": 3,
  "optimum_argument": [[[5], [1.68750609510874], [0.3070]], [[9], [1.2230410099638072], [0.283]], [[9], [1.2230410099821152], [0.283]]],
  "optimum": [2.658559, 2.6585591659695993, 2.6585591660406087, 2.658559166009396],

  "constants": {
    "F_max": 1000,
    "S": 189000,
    "l_max": 14,
    "d_min": 0.2,
    "F_p": 300,
    "sigma_pm": 6,
    "sigma_w": 1.25,
    "G": 11500000
  },

  "variable_boundaries": {
    "natural_numbers": [[1, 70]],
    "discrete": [[0.0090, 0.5000]],
    "continuous": [[0.6, 3]],
    "ordinal": [],
    "categorical": []
  },

  "discrete_values": [0.0090, 0.0095, 0.0104, 0.0118, 0.0128, 0.0132,
                      0.0140, 0.0150, 0.0162, 0.0173, 0.0180, 0.0200,
                      0.0230, 0.0250, 0.0280, 0.0320, 0.0350, 0.0410,
                      0.0470, 0.0540, 0.0630, 0.0720, 0.0800, 0.0920,
                      0.1050, 0.1200, 0.1350, 0.1480, 0.1620, 0.1770,
                      0.1920, 0.2070, 0.2250, 0.2440, 0.2630, 0.2830,
                      0.3070, 0.3310, 0.3620, 0.3940, 0.4375, 0.5000],

  "magnitudes_of_categorical_variables": []
}