{
  "name": "Hartmann(6,4)",
  "comment": "standard Hartmann problem",
  "type": "continuous problems",
  "dimension": 6,
  "optimum_argument": [[0.20169, 0.150011, 0.476874, 0.275332, 0.311652, 0.6573]],
  "optimum": -3.32237,

  "variable_boundaries": {
    "natural_numbers": [],
    "discrete": [],
    "continuous": [[0, 1]],
    "ordinal": [],
    "categorical": []
  },

  "discrete_values": [],

  "magnitudes_of_categorical_variables": [],

  "alpha": [1.0, 1.2, 3.0, 3.2],

  "A": [[10, 3, 17, 3.5, 1.7, 8],
        [0.05, 10, 17, 0.1, 8, 14],
        [3, 3.5, 1.7, 10, 17, 8],
        [17, 8, 0.05, 10, 0.1, 14]],

  "P": [[0.1312, 0.1696, 0.5569, 0.0124, 0.8283, 0.5886],
        [0.2329, 0.4135, 0.8307, 0.3736, 0.1004, 0.9991],
        [0.2348, 0.1451, 0.3522, 0.2883, 0.3047, 0.6650],
        [0.4047, 0.8828, 0.8732, 0.5743, 0.1091, 0.0381]]
}